"","Active Cases","Deaths","Recoveries","Inactives removed"
"15/03","291","6","","0"
"16/03","370","6","","0"
"17/03","448","6","","0"
"18/03","560","7","","0"
"19/03","674","7","28","0"
"20/03","800","8","39","0"
"21/03","1,013","8","51","0"
"22/03","1,274","8","70","0"
"23/03","1,575","8","97","0"
"24/03","1,928","9","113","0"
"25/03","2,291","10","129","0"
"26/03","2,644","14","151","0"
"27/03","2,962","14","204","0"
"28/03","3,402","15","223","0"
"29/03","3,742","17","225","0"
"30/03","3,940","19","291","0"
"31/03","4,196","20","345","0"
"01/04","4,425","21","418","0"
"02/04","4,540","25","572","0"
"03/04","4,698","29","635","0"
"04/04","4,835","31","686","0"
"05/04","3,342","36","2,315","0"
"06/04","3,326","41","2,432","0"
"07/04","3,320","49","2,549","0"
"08/04","3,157","51","2,815","0"
"09/04","3,067","52","2,989","0"
"10/04","3,017","55","3,142","0"
"11/04","2,979","57","3,266","0"
"12/04","2,926","60","3,338","0"
"13/04","2,809","62","3,494","0"
"14/04","2,753","63","3,598","0"
"15/04","2,885","64","3,688","189"
"16/04","2,856","64","3,747","189"
"17/04","2,829","66","3,819","189"
"18/04","2,522","69","4,163","192"
"19/04","2,497","71","4,230","192"
"20/04","2,481","72","4,258","192"
"21/04","2,066","72","4,695","192"
"22/04","1,830","75","4,935","192"
"23/04","1,727","76","5,045","192"
"24/04","1,650","79","5,136","192"
"25/04","1,429","81","5,373","192"
"26/04","1,277","84","5,541","192"
"27/04","1,237","84","5,588","192"
"28/04","1,206","85","5,630","192"
"29/04","1,174","90","5,670","192"
"30/04","1,133","92","5,717","192"
"01/05","1,114","94","5,747","192"
"02/05","1,080","94","5,796","192"
"03/05","1,075","96","5,817","192"
"04/05","1,053","96","5,863","192"
"05/05","1,048","98","5,890","194"
"06/05","983","98","5,979","194"
"07/05","946","98","6,038","194"
"08/05","918","98","6,084","194"
"09/05","879","98","6,137","194"
"10/05","862","98","6,166","194"
"11/05","853","98","6,182","194"
"12/05","822","98","6,233","194"
"13/05","791","99","6,274","194"
"14/05","781","99","6,299","194"
"15/05","775","99","6,336","194"
"16/05","762","99","6,366","194"
"17/05","767","99","6,369","194"
"18/05","748","100","6,396","194"
"19/05","737","100","6,415","194"
"20/05","717","101","6,445","194"
"21/05","692","101","6,472","194"
"22/05","694","102","6,480","197"
"23/05","694","103","6,492","197"
"24/05","682","103","6,507","196"
"25/05","663","103","6,530","196"
"26/05","658","103","6,551","196"
"27/05","657","103","6,558","196"
"28/05","653","103","6,580","196"
"29/05","669","103","6,580","196"
"30/05","647","103","6,613","196"
"31/05","659","103","6,611","196"
"01/06","663","103","6,615","196"
"02/06","675","103","6,620","196"
"03/06","668","103","6,635","196"
"04/06","649","103","6,660","201"
"05/06","644","103","6,676","201"
"06/06","638","103","6,684","201"
"07/06","633","103","6,693","201"
"08/06","634","103","6,700","199"
"09/06","623","103","6,714","198"
"10/06","608","103","6,736","198"
"11/06","309","103","6,751","302"
"12/06","144","103","6,773","449"
"13/06","137","103","6,802","440"
"14/06","128","103","6,828","441"
"15/06","130","103","6,841","441"
"16/06","139","103","6,846","439"
"17/06","152","103","6,860","435"
"18/06","173","103","6,860","435"
"19/06","179","103","6,870","437"
"20/06","197","103","6,877","438"
"21/06","214","103","6,885","438"
"22/06","220","103","6,892","438"
"23/06","224","103","6,904","440"
"24/06","244","104","6,913","439"
"25/06","174","104","6,930","527"
"26/06","195","104","6,946","527"
"27/06","217","104","6,967","530"
"28/06","245","104","6,981","533"
"29/06","304","104","6,996","540"
"30/06","339","104","7,023","545"
"01/07","386","104","7,051","556"
"02/07","431","104","7,078","565"
"03/07","458","104","7,116","565"
"04/07","523","104","7,153","569"
"05/07","563","104","7,197","572"
"06/07","668","106","7,218","581"
"07/07","795","106","7,253","588"
"08/07","887","106","7,284","595"
"09/07","960","106","7,372","607"
"10/07","1188","106","7,432","619"
"11/07","1287","107","7,519","624"
"12/07","1524","108","7,523","626"
"13/07","1661","108","7,564","631"
"14/07","1864","110","7,630","631"
"15/07","2009","111","7,723","636"
"16/07","2210","113","7,831","640"
"17/07","2548","116","7,912","643"
"18/07","2701","119","7,955","648"
"19/07","2948","122","8,066","648"
"20/07","3027","123","8,188","714"
"21/07","3266","126","8,336","682"
"22/07","3544","128","8,445","761"
"23/07","3777","133","8,564","811"
"24/07","3887","140","8,718","829"
"25/07","4156","145","8,804","822"
"26/07","4400","155","8,957","868"
"27/07","4713","161","9,098","940"
"28/07","4962","167","9,218","934"
"29/07","5047","176","9,407","930"
"30/07","5620","189","9,541","927"
"31/07","5988","197","9,765","930"
"01/08","6180","201","9,982","891"
"02/08","6592","208","10,206","889"
"03/08","6757","221","10,403","909"
"04/08","6998","232","10,577","895"
"05/08","7518","247","10,721","930"
"06/08","7753","255","10,926","929"
"07/08","7942","266","11,128","937"
"08/08","8109","278","11,367","944"
"09/08","8158","294","11,680","952"
"10/08","8173","312","11,949","963"
"11/08","8192","331","12,200","991"
"12/08","8192","352","12,587","996"
"13/08","8177","361","12,809","1,011"
"14/08","8189","375","13,158","1,020"
"15/08","8183","379","13,442","1,031"
"16/08","7971","396","13,893","1,028"
"17/08","7767","421","14,346","1,025"
"18/08","7556","438","14,736","1,043"
"19/08","7433","450","15,054","1,056"
"20/08","5130","463","17,661","982"
"21/08","4677","472","18,268","990"
"22/08","4555","485","18,567","995"
"23/08","4293","502","19,041","976"
"24/08","3972","517","19,411","1,016"
"25/08","3878","525","19,622","1,028"
"26/08","3717","549","19,908","1,031"
"27/08","3513","571","20,174","1,064"
"28/08","3343","582","20,441","1,082"
"29/08","3198","600","20,664","1,085"
"30/08","3046","611","20,924","1,089"
"31/08","2820","652","21,158","1,116"
"01/09","2729","657","21,311","1,122"
"02/09","2621","663","21,498","1,141"
"03/09","2497","678","21,720","1,154"
"04/09","2252","737","21,978","1,169"
"05/09","2147","748","22,138","1,174"
"06/09","2061","753","22,275","1,190"
"07/09","1954","762","22,411","1,195"
"08/09","1865","770","22,532","1,207"
"09/09","1797","781","22,671","1,216"
"10/09","1659","788","22,844","1,222"
"11/09","1514","797","23,025","1,229"
"12/09","1430","803","23,137","1,236"
"13/09","1340","809","23,270","1,231"
"14/09","1257","816","23,386","1,232"
"15/09","1220","816","23,460","1,241"
"16/09","1172","824","23,534","1,249"
"17/09","1127","832","23,600","1,254"
"18/09","1094","837","23,663","1,267"
"19/09","1000","843","23,770","1,272"
"20/09","903","849","23,870","1,276"
"21/09","813","851","23,965","1,283"
"22/09","768","854","24,026","1,294"
"23/09","682","859","24,111","1,322"
"24/09","654","861","24,137","1,331"
"25/09","595","869","24,209","1,327"
"26/09","553","870","24,257","1,336"
"27/09","506","872","24,317","1,345"
"28/09","455","875","24,360","1,354"
"29/09","420","882","24,396","1,365"
"30/09","391","886","24,427","1,374"
"01/10","369","888","24,457","1,382"
"02/10","337","890","24,497","1,389"
"03/10","312","893","24,522","1,394"
"04/10","304","894","24,538","1,400"
"05/10","286","894","24,564","1,405"
"06/10","269","895","24,588","1,422"
"07/10","248","897","24,607","1,430"
"08/10","248","897","24,620","1,441"
"09/10","243","897","24,641","1,448"
"10/10","236","897","24,656","1,455"
"11/10","239","898","24,668","1,459"
"12/10","239","898","24,683","1,466"
"13/10","241","899","24,703","1,473"
"14/10","249","904","24,709","1,479"
"15/10","250","904","24,722","1,486"
"16/10","227","904","24,749","1,491"
"17/10","226","904","24,758","1,495"
"18/10","219","904","24,768","1,500"
"19/10","217","905","24,772","1,505"
"20/10","229","905","24,786","1,510"
"21/10","215","905","24,808","1,516"
"22/10","220","905","24,820","1,521"
"23/10","223","905","24,828","1,528"
"24/10","222","905","24,838","1,534"
"25/10","229","905","24,845","1,541"
"26/10","214","905","24,863","1,545"
"27/10","211","905","24,868","1,557"
"28/10","202","907","24,880","1,566"
"29/10","202","907","24,893","1,568"
"30/10","201","907","24,898","1,576"
"31/10","190","907","24,978","1,515"
"01/11","175","907","24,990","1,523"
"02/11","156","907","25,010","1,529"
"03/11","134","907","25,038","1,531"
"04/11","116","907","25,060","1,539"
"05/11","107","907","25,071","1,549"
"06/11","106","907","25,077","1,555"
"07/11","94","907","25,089","1,562"
"08/11","89","907","25,097","1,565"
"09/11","85","907","25,100","1,576"
"10/11","76","907","25,102","1,592"
"11/11","76","907","25,103","1,599"
"12/11","76","907","25,108","1,607"
"13/11","76","907","25,114","1,606"
"14/11","76","907","25,119","1,609"
"15/11","76","907","25,125","1,620"
"16/11","86","907","25,134","1,623"
"17/11","86","907","25,140","1,627"
"18/11","94","907","25,141","1,635"
"19/11","94","907","25,142","1,641"
"20/11","97","907","25,143","1,645"
"21/11","90","907","25,150","1,659"
"22/11","90","907","25,152","1,672"
"23/11","93","907","25,156","1,679"
"24/11","99","907","25,157","1,685"
"25/11","101","907","25,163","1,685"
"26/11","100","907","25,170","1,687"
"27/11","88","907","25,186","1,693"
"28/11","77","907","25,200","1,701"
"29/11","75","907","25,204","1,706"
"30/11","65","908","25,213","1,717"
"01/12","57","908","25,222","1,725"
"02/12","52","908","25,231","1,732"
"03/12","52","908","25,236","1,744"
"04/12","47","908","25,245","1,749"
"05/12","45","908","25,252","1,751"
"06/12","46","908","25,255","1,756"
"07/12","46","908","25,258","1,760"
"08/12","49","908","25,263","1,767"
"09/12","46","908","25,269","1,770"
"10/12","49","908","25,275","1,769"
"11/12","49","908","25,278","1,777"
"12/12","54","908","25,282","1,781"
"13/12","53","908","25,286","1,783"
"14/12","48","908","25,295","1,788"
"15/12","47","908","25,299","1,793"
"16/12","49","908","25,299","1,803"
"17/12","52","908","25,305","1,807"
"18/12","65","908","25,310","1,810"
"19/12","92","908","25,311","1,817"
"20/12","122","908","25,318","1,824"
"21/12","134","908","25,322","1,834"
"22/12","139","908","25,329","1,843"
"23/12","144","908","25,332","1,853"
"24/12","157","908","25,336","1,861"
"25/12","163","908","25,341","1,864"
"26/12","177","908","25,340","1,871"
"27/12","186","908","25,342","1,876"
"28/12","189","909","25,352","1,887"
"29/12","187","909","25,358","1,896"
"30/12","204","909","25,363","1,905"
"31/12","220","909","25,366","1,912"
"01/01","236","909","25,367","1,915"
"02/01","263","909","25,375","1,923"
"03/01","274","909","25,382","1,918"
"04/01","286","909","25,382","1,928"
"05/01","291","909","25,392","1,931"
"06/01","303","909","25,392","1,932"
"07/01","301","909","25,399","1,937"
"08/01","309","909","25,405","1,948"
"09/01","311","909","25,406","1,956"
"10/01","316","909","25,411","1,959"
"11/01","317","909","25,423","1,965"
"12/01","312","909","25,429","1,984"
"13/01","296","909","25,443","2,002"
"14/01","276","909","25,450","2,023"
"15/01","260","909","25,457","2,043"
"16/01","231","909","25,470","2,079"
"17/01","222","909","25,481","2,096"
"18/01","202","909","25,497","2,113"
"19/01","198","909","25,498","2,126"
"20/01","186","909","25,510","2,135"
"21/01","170","909","25,519","2,151"
"22/01","157","909","25,527","2,162"
"23/01","144","909","25,539","2,169"
"24/01","129","909","25,550","2,178"
"25/01","122","909","25,562","2,184"
"26/01","116","909","25,564","2,191"
"27/01","102","909","25,572","2,204"
"28/01","92","909","25,584","2,209"
"29/01","84","909","25,585","2,222"
"30/01","72","909","25,592","2,233"
"31/01","67","909","25,607","2,229"
"01/02","62","909","25,607","2,240"
"02/02","55","909","25,616","2,244"
"03/02","56","909","25,617","2,247"
"04/02","51","909","25,624","2,254"
"05/02","54","909","25,624","2,255"
"06/02","52","909","25,627","2,260"
"07/02","53","909","25,627","2,261"
"08/02","51","909","25,633","2,264"
"09/02","44","909","25,640","2,267"
"10/02","47","909","25,644","2,271"
"11/02","49","909","25,646","2,275"
"12/02","44","909","25,652","2,282"
"13/02","40","909","25,656","2,287"
"14/02","42","909","25,659","2,288"
"15/02","41","909","25,666","2,284"
"16/02","43","909","25,668","2,285"
"17/02","41","909","25,672","2,289"
"18/02","41","909","25,673","2,289"
"19/02","42","909","25,676","2,291"
"20/02","38","909","25,682","2,291"
"21/02","39","909","25,684","2,294"
"22/02","42","909","25,684","2,295"
"23/02","42","909","25,687","2,299"
"24/02","37","909","25,693","2,300"
"25/02","33","909","25,698","2,307"
"26/02","38","909","25,700","2,311"
"27/02","72","909","25,704","2,280"
"28/02","73","909","25,705","2,283"
"01/03","74","909","25,711","2,284"
"02/03","72","909","25,716","2,289"
"03/03","73","909","25,720","2,294"
"04/03","85","909","25,722","2,291"
"05/03","91","909","25,727","2,293"
"06/03","95","909","25,729","2,297"
"07/03","98","909","25,729","2,301"
"08/03","105","909","25,730","2,302"
"09/03","113","909","25,732","2,307"
"10/03","121","909","25,737","2,308"
"11/03","117","909","25,746","2,318"
"12/03","117","909","25,750","2,326"
"13/03","117","909","25,753","2,333"
"14/03","111","909","25,755","2,342"
"15/03","115","909","25,758","2,348"
"16/03","112","909","25,759","2,357"
"17/03","126","909","25,761","2,357"
"18/03","133","909","25,763","2,361"
"19/03","147","909","25,765","2,362"
"20/03","149","909","25,766","2,368"
"21/03","147","909","25,770","2,370"
"22/03","146","909","25,775","2,376"
"23/03","147","909","25,778","2,377"
"24/03","155","909","25,783","2,373"
"25/03","148","909","25,789","2,382"
"26/03","149","909","25,793","2,389"
"27/03","157","909","25,794","2,393"
"28/03","155","909","25,797","2,399"
"29/03","155","909","25,803","2,411"
"30/03","164","909","25,806","2,417"
"31/03","152","909","25,813","2,431"
"01/04","163","909","25,813","2,438"
"02/04","159","909","25,815","2,452"
"03/04","145","909","25,828","2,459"
"04/04","143","909","25,830","2,466"
"05/04","149","909","25,831","2,468"
"06/04","144","909","25,841","2,471"
"07/04","154","909","25,851","2,465"
"08/04","140","909","25,859","2,477"
"09/04","129","909","25,873","2,479"
"10/04","128","909","25,882","2,477"
"11/04","126","909","25,885","2,485"
"12/04","127","909","25,888","2,495"
"13/04","142","910","25,890","2,495"
"14/04","149","910","25,907","2,484"
"15/04","147","910","25,911","2,501"
"16/04","136","910","25,917","2,521"
"17/04","146","910","25,950","2,499"
"18/04","154","910","25,961","2,494"
"19/04","171","910","25,966","2,496"
"20/04","171","910","25,979","2,499"
"21/04","182","910","25,978","2,508"
"22/04","198","910","25,982","2,512"
"23/04","226","910","25,991","2,513"
"24/04","235","910","25,994","2,519"
"25/04","235","910","25,999","2,522"
"26/04","249","910","26,018","2,518"
"27/04","255","910","26,059","2,501"
"28/04","266","910","26,072","2,502"
"29/04","280","910","26,081","2,508"
"30/04","293","910","26,090","2,508"
"01/05","284","910","26,103","2,515"
"02/05","261","910","26,118","2,537"
"03/05","247","910","26,130","2,554"
"04/05","247","910","26,135","2,560"
"05/05","243","910","26,162","2,551"
"06/05","240","910","26,179","2,557"
"07/05","230","910","26,207","2,550"
"08/05","211","910","26,218","2,567"
"09/05","212","910","26,236","2,565"
"10/05","205","910","26,251","2,565"
"11/05","191","910","26,264","2,575"
"12/05","177","910","26,270","2,590"
"13/05","170","910","26,281","2,594"
"14/05","159","910","26,287","2,601"
"15/05","158","910","26,292","2,607"
"16/05","157","910","26,296","2,612"
"17/05","153","910","26,297","2,618"
"18/05","126","910","26,309","2,643"
"19/05","122","910","26,315","2,644"
"20/05","116","910","26,323","2,648"
"21/05","103","910","26,330","2,657"
"22/05","95","910","26,336","2,667"
"23/05","80","910","26,346","2,675"
"24/05","81","910","26,357","2,673"
"25/05","85","910","26,360","2,675"
"26/05","93","910","26,364","2,681"
"27/05","93","910","26,371","2,689"
"28/05","98","910","26,374","2,691"
"29/05","99","910","26,377","2,697"
"30/05","103","910","26,382","2,703"
"31/05","110","910","26,382","2,704"
"01/06","117","910","26,385","2,706"
"02/06","119","910","26,393","2,708"
"03/06","123","910","26,396","2,708"
"04/06","122","910","26,401","2,717"
"05/06","126","910","26,401","2,721"
"06/06","137","910","26,405","2,723"
"07/06","136","910","26,412","2,737"
"08/06","140","910","26,420","2,734"
"09/06","133","910","26,432","2,736"
"10/06","134","910","26,442","2,740"
"11/06","127","910","26,452","2,740"
"12/06","123","910","26,461","2,743"
"13/06","125","910","26,468","2,745"
"14/06","122","910","26,479","2,751"
"15/06","115","910","26,494","2,755"
"16/06","124","910","26,513","2,744"
"17/06","130","910","26,521","2,743"
"18/06","135","910","26,524","2,744"
"19/06","134","910","26,531","2,748"
"20/06","140","910","26,537","2,746"
"21/06","154","910","26,544","2,748"
"22/06","159","910","26,550","2,754"
"23/06","174","910","26,552","2,757"
"24/06","196","910","26,554","2,756"
"25/06","211","910","26,562","2,755"
"26/06","221","910","26,567","2,759"
"27/06","246","910","26,578","2,768"
"28/06","273","910","26,576","2,770"
"29/06","299","910","26,581","2,772"
"30/06","319","910","26,607","2,775"
"01/07","340","910","26,615","2,778"
"02/07","375","910","26,616","2,784"
"03/07","415","910","26,618","2,791"
"04/07","423","910","26,634","2,790"
"05/07","456","910","26,638","2,799"
"06/07","475","910","26,639","2,808"
"07/07","486","910","26,640","2,825"
"08/07","515","910","26,645","2,837"
"09/07","546","910","26,647","2,852"
"10/07","594","910","26,650","2,863"
"11/07","658","911","26,654","2,880"
"12/07","773","911","26,659","2,883"
"13/07","850","912","26,663","2,898"
"14/07","929","912","26,669","2,920"
"15/07","984","912","26,681","2,939"
"16/07","1065","912","26,692","2,963"
"17/07","1161","913","26,695","3,002"
"18/07","1268","914","26,698","3,018"
"19/07","1360","915","26,702","3,041"
"20/07","1452","915","26,706","3,056"
"21/07","1583","915","26,774","3,003"
"22/07","1697","915","26,776","3,041"
"23/07","1834","916","26,781","3,051"
"24/07","1979","916","26,793","3,067"
"25/07","2122","916","26,802","3,077"
"26/07","2272","918","26,809","3,082"
"27/07","2437","920","26,813","3,098"
"28/07","2627","921","26,818","3,108"
"29/07","2859","923","26,825","3,125"
"30/07","2847","923","26,839","3,300"
"31/07","2991","924","26,864","3,352"
"01/08","3153","924","26,895","3,414"
"02/08","3338","925","26,927","3,423"
"03/08","3539","925","26,937","3,434"
"04/08","3719","927","26,980","3,464"
"05/08","3957","932","27,007","3,491"
"06/08","4160","933","27,028","3,568"
"07/08","4493","938","27,043","3,572"
"08/08","4731","939","27,062","3,599"
"09/08","5004","939","27,074","3,614"
"10/08","5333","943","27,092","3,642"
"11/08","5635","945","27,104","3,689"
"12/08","5878","947","27,116","3,814"
"13/08","6210","949","27,131","3,877"
"14/08","6585","953","27,140","3,985"
"15/08","6980","958","27,144","4,015"
"16/08","7451","966","27,155","4,043"
"17/08","7924","967","27,178","4,028"
"18/08","8436","970","27,193","4,175"
"19/08","8937","971","27,201","4,413"
"20/08","9497","975","27,271","4,485"
"21/08","10206","978","27,304","4,631"
"22/08","10942","981","27,330","4,773"
"23/08","11661","984","27,372","4,905"
"24/08","12300","984","27,394","5,072"
"25/08","13145","986","27,420","5,177"
"26/08","14037","989","27,438","5,375"
"27/08","14,888","991","27,457","5,479"
"28/08","15,737","993","27,493","5,714"
"29/08","16,855","999","27,531","5,872"
"30/08","18,037","1,003","27,582","5,990"
"31/08","19,123","1,006","27,639","6,083"
"01/09","20,243","1,012","27,701","6,137"
"02/09","21,476","1,019","27,767","6,313"
"03/09","22,765","1,032","27,850","6,563"
"04/09","24,281","1,036","27,967","6,667"
"05/09","25,588","1,039","28,058","6,924"
"06/09","26,736","1,044","28,130","7,245"
"07/09","27,795","1,052","28,231","7,550"
"08/09","29,084","1,061","28,332","7,841"
"09/09","30,423","1,066","28,428","8,128"
"10/09","16,743","1,076","28,515","23,577"
"11/09","17,611","1,084","28,608","24,652"
"12/09","17,900","1,091","28,699","25,915"
"13/09","18,442","1,098","28,779","27,005"
"14/09","18,552","1,102","28,940","28,301"
"15/09","18,682","1,116","29,131","29,616"
"16/09","18,954","1,128","29,323","30,997"
"17/09","19,186","1,141","29,522","32,353"
"18/09","19,525","1,148","29,794","33,589"
"19/09","19,593","1,162","30,028","34,846"
"20/09","19,576","1,167","30,198","36,160"
"21/09","19,481","1,178","30,475","37,576"
"22/09","19,327","1,186","30,893","38,966"
"23/09","19,377","1,196","31,221","40,385"
"24/09","19,582","1,208","31,463","41,690"
"25/09","19,805","1,220","31,865","42,917"
"26/09","19,941","1,231","32,239","44,137"
"27/09","20,094","1,245","32,566","45,276"
"28/09","20,289","1,256","32,727","46,640"
"29/09","20,538","1,278","33,054","47,853"
"30/09","21,428","1,289","33,373","49,033"
"01/10","21,115","1,309","34,601","50,146"
"02/10","21,476","1,321","35,246","51,272"
"03/10","21,382","1,334","36,443","52,232"
"04/10","22,165","1,344","36,891","53,011"
"05/10","23,377","1,357","36,998","54,070"
"06/10","23,067","1,379","38,375","55,005"
"07/10","23,406","1,389","39,340","55,907"
"08/10","24,914","1,405","39,435","56,798"
"09/10","24,986","1,421","41,007","57,668"
"10/10","25,775","1,432","41,758","58,489"
"11/10","26,279","1,448","42,677","59,166"
"12/10","26,447","1,461","43,523","59,948"
"13/10","26,446","1,478","44,886","60,642"
"14/10","26,007","1,496","47,142","61,490"
"15/10","27,120","1,507","47,876","62,218"
"16/10","27,531","1,515","49,541","62,445"
"17/10","29,043","1,531","49,621","62,940"
"18/10","27,315","1,543","52,581","63,824"
"19/10","27,115","1,558","54,182","64,420"
"20/10","28,523","1,577","55,878","63,420"
"21/10","28,577","1,590","57,781","63,995"
"22/10","28,709","1,611","59,665","64,504"
"23/10","28,993","1,622","61,279","64,478"
"24/10","30,051","1,637","61,339","65,520"
"25/10","29,722","1,648","62,960","65,900"
"26/10","29,443","1,653","64,622","66,298"
"27/10","28,647","1,669","66,638","66,815"
"28/10","26,536","1,696","70,467","67,205"
"29/10","27,944","1,708","70,572","67,566"
"30/10","25,314","1,722","74,539","67,780"
"31/10","25,916","1,734","74,567","68,241"
"01/11","25,650","1,744","76,108","68,528"
"02/11","22,918","1,757","79,631","68,859"
"03/11","21,706","1,769","81,608","69,192"
"04/11","20,975","1,782","83,510","69,546"
"05/11","22,165","1,796","83,579","69,854"
"06/11","19,979","1,806","87,121","70,022"
"07/11","19,563","1,816","88,501","70,427"
"08/11","19,243","1,828","89,830","70,677"
"09/11","18,611","1,842","91,449","70,968"
"10/11","17,981","1,859","92,999","71,233"
"11/11","18,647","1,864","93,649","71,467"
"12/11","19,145","1,875","94,330","71,678"
"13/11","19,825","1,879","94,966","71,824"
"14/11","20,426","1,884","95,221","72,058"
"15/11","20,630","1,890","95,846","72,241"
"16/11","17,221","1,900","100,006","72,494"
"17/11","17,341","1,909","100,870","72,724"
"18/11","16,915","1,922","102,299","72,982"
"19/11","16,829","1,933","103,583","73,273"
"20/11","12,535","1,938","108,998","73,507"
"21/11","12,536","1,944","110,223","73,740"
"22/11","12,413","1,948","111,332","73,958"
"23/11","12,245","1,968","112,267","74,173"
"24/11","12,623","1,973","113,223","74,295"
"25/11","13,142","1,978","113,886","74,643"
"26/11","13,439","1,985","114,638","75,208"
"27/11","14,194","1,990","115,518","75,046"
"28/11","14,272","1,994","116,490","75,228"
"29/11","14,405","1,997","117,336","75,404"
"30/11","14,236","2,006","118,345","75,651"
"01/12","14,814","2,011","118,976","75,855"
"02/12","15,652","2,021","119,626","76,061"
"03/12","16,001","2,033","120,617","76,235"
"04/12","17,589","2,043","120,496","76,448"
"05/12","18,724","2,051","120,417","76,647"
"06/12","19,785","2,056","120,422","76,855"
"07/12","16,337","2,065","125,078","77,078"
"08/12","14,728","2,072","128,125","77,336"
"09/12","14,801","2,082","129,451","77,578"
"10/12","15,040","2,084","130,738","77,778"
"11/12","15,415","2,100","131,613","78,262"
"12/12","15,973","2,104","132,733","78,120"
"13/12","16,556","2,106","133,765","78,341"
"14/12","16,467","2,113","135,447","78,740"
"15/12","18,016","2,117","136,494","78,935"
"16/12","20,201","2,126","137,388","79,254"
"17/12","22,636","2,134","138,563","79,437"
"18/12","25,703","2,142","139,145","79,807"
"19/12","27,798","2,146","140,732","80,056"
"20/12","30,198","2,146","141,948","80,393"
"21/12","33,209","2,154","142,890","80,954"
"22/12","37,374","2,162","143,987","81,384"
"23/12","44,343","2,173","145,070","81,955"
"24/12","51,729","2,182","146,459","82,220"
"25/12","61,418","2,188","146,525","82,455"
"26/12","66,962","2,190","148,183","84,625"
"27/12","73,691","2,197","151,181","85,027"
"28/12","81,279","2,202","152,607","87,197"
"29/12","95,489","2,210","154,217","89,525"
"30/12","112,670","2,226","155,587","92,209"
"31/12","140,889","2,241","157,244","95,132"
"01/01","161,445","2,254","157,244","109,769"
"02/01","188,644","2,259","168,279","103,746"
"03/01","218,541","2,266","170,150","109,001"
"04/01","254,284","2,271","173,931","117,167"
"05/01","294,581","2,290","188,329","126,906"
"06/01","378,895","2,302","200,263","102,767"
"07/01","392,250","2,320","213,158","154,198"
"08/01","451,768","2,346","224,095","172,830"
"09/01","512,785","2,367","231,088","178,692"
"10/01","587,971","2,389","231,088","153,929"
"11/01","612,619","2,416","231,088","199,055"
"12/01","696,699","2,465","285,578","133,987"
"13/01","739,097","2,522","311,158","147,814"
"14/01","770,942","2,578","311,158","183,376"
"15/01","781,963","2,633","311,158","233,293"
"16/01","830,925","2,668","311,158","241,291"
"17/01","717,936","2,698","311,158","401,931"
"18/01","694,735","2,776","311,158","464,170"
"19/01","695,410","2,841","311,158","506,976"
"20/01","666,672","2,901","311,158","579,830"
"21/01","644,910","2,989","311,270","642,133"
"22/01","610,780","3,053","311,270","707,903"
"23/01","563,333","3,111","311,270","809,815"
"24/01","551,444","3,169","311,270","827,092"
"25/01","512,965","3,245","311,270","891,683"
"26/01","447,129","3,330","311,270","990,994"
"27/01","458,622","3,402","311,270","1,057,351"
"28/01","386,482","3,536","311,270","1,164,949"
"29/01","339,107","3,631","311,270","1,242,655"
"30/01","328,828","3,716","311,270","1,530,752"
"31/01","317,300","3,758","311,270","1,565,752"
"01/02","306,289","3,835","311,270","1,606,266"
"02/02","285,590","3,905","311,270","1,664,339"
"03/02","276,566","3,989","311,270","1,714,447"
"04/02","250,508","4,073","311,270","1,769,236"
"05/02","237,946","4,156","311,270","1,806,397"
"06/02","228,135","4,202","311,270","1,837,551"
"07/02","221,055","4,248","311,270","1,865,180"
"08/02","210,333","4,303","311,270","1,900,508"
"09/02","194,793","4,373","311,270","1,943,726"
"10/02","190,285","4,431","311,270","1,974,767"
"11/02","191,236","4,481","311,270","1,997,748"
"12/02","177,909","4,546","311,270","2,030,941"
"13/02","175,875","4,593","311,270","2,054,335"
"14/02","171,463","4,618","311,270","2,075,774"
"15/02","161,390","4,668","311,270","2,106,800"
"16/02","160,090","4,732","311,270","2,123,626"
"17/02","221,553","4,796","311,270","2,096,561"
"18/02","219,736","4,835","311,270","2,120,714"
"19/02","217,947","4,880","311,270","2,141,621"
"20/02","215,122","4,913","311,270","2,159,709"
"21/02","209,767","4,929","311,270","2,179,902"
"22/02","208,705","4,965","311,270","2,200,690"
"23/02","204,567","5,026","311,270","2,229,053"
"24/02","204,774","5,068","311,270","2,251,068"
"25/02","205,298","5,097","311,270","2,271,957"
"26/02","205,456","5,132","311,270","2,290,998"
"27/02","205,794","5,159","311,270","2,306,948"
"28/02","204,220","5,171","311,270","2,325,163"
"01/03","200,267","5,212","311,270","2,350,272"
"02/03","203,751","5,272","311,270","2,372,033"
"03/03","210,340","5,319","311,270","2,393,774"
"04/03","214,680","5,357","311,270","2,414,427"
"05/03","216,063","5,403","311,270","2,436,370"
"06/03","220,088","5,416","311,270","2,452,466"
"07/03","223,139","5,449","311,270","2,470,904"
"08/03","231,787","5,465","311,270","2,490,672"
"09/03","233,963","5,499","311,270","2,519,179"
"10/03","245,030","5,520","311,270","2,543,070"
"11/03","261,987","5,549","311,270","2,558,112"
"12/03","258,211","5,571","311,270","2,590,896"
"13/03","267,631","5,587","311,270","2,608,577"
"14/03","271,064","5,591","311,270","2,628,842"
"15/03","273,171","5,616","311,270","2,656,348"
"16/03","298,842","5,639","311,270","2,913,539"
"17/03","319,317","5,665","311,270","2,944,325"
"18/03","338,730","5,694","311,270","2,974,653"
"19/03","357,044","5,721","311,270","3,001,723"
"20/03","370,508","5,730","311,270","3,030,080"
"21/03","380,367","5,736","311,270","3,059,587"
"22/03","390,763","5,763","311,270","3,100,052"
"23/03","406,868","5,788","311,270","3,144,255"
"24/03","424,630","5,824","311,270","3,189,228"
"25/03","442,062","5,850","311,270","3,231,768"
"26/03","453,934","5,880","311,270","3,272,216"
"27/03","464,989","5,891","311,270","3,309,286"
"28/03","469,989","5,897","311,270","3,350,145"
"29/03","472,696","5,928","311,270","3,406,157"
"30/03","480,986","5,962","311,270","3,464,884"
"31/03","483,622","5,994","311,270","3,525,901"
"01/04","495,842","6,341","311,270","3,574,282"
"02/04","500,094","6,367","311,270","3,625,740"
"03/04","503,939","6,384","311,270","3,670,585"
"04/04","499,717","6,398","311,270","3,722,217"
"05/04","486,692","6,435","311,270","3,793,396"
"06/04","480,958","6,462","311,270","3,860,234"
"07/04","484,430","6,495","311,270","3,918,366"
"08/04","487,626","6,526","311,270","3,975,072"
"09/04","485,590","6,550","311,270","4,027,629"
"10/04","485,593","6,564","311,270","4,074,139"
"11/04","476,465","6,569","311,270","4,126,457"
"12/04","454,943","6,609","311,270","4,193,604"
"13/04","443,901","6,648","311,270","4,257,195"
"14/04","434,180","6,693","311,270","4,321,221"
"15/04","426,859","6,727","311,270","4,378,016"
"16/04","418,083","6,762","311,270","4,429,753"
"17/04","409,291","6,779","311,270","4,472,899"
"18/04","397,971","6,789","311,270","4,525,188"
"19/04","377,649","6,807","311,270","4,582,074"
"20/04","371,209","6,843","311,270","4,630,812"
"21/04","370,971","6,893","311,270","4,685,292"
"22/04","372,165","6,939","311,270","4,734,246"
"23/04","373,441","6,983","311,270","4,775,766"
"24/04","369,166","7,004","311,270","4,817,119"
"25/04","361,288","7,021","311,270","4,856,230"
"26/04","346,432","7,069","311,270","4,906,383"
"27/04","335,685","7,115","311,270","4,959,937"
"28/04","331,132","7,163","311,270","5,009,890"
"29/04","328,114","7,189","311,270","5,057,817"
"30/04","329,836","7,242","311,270","5,094,007"
"01/05","328,923","7,257","311,270","5,128,115"
"02/05","326,365","7,270","311,270","5,162,409"
"03/05","322,752","7,311","311,270","5,201,152"
"04/05","316,130","7,367","311,270","5,434,270"
"05/05","323,246","7,423","311,270","5,481,021"
"06/05","326,730","7,453","311,270","5,519,646"
"07/05","331,495","7,497","311,270","5,557,249"
"08/05","335,604","7,516","311,270","5,588,701"
"09/05","338,899","7,516","311,270","5,624,681"
"10/05","343,959","7,565","311,270","5,665,712"
"11/05","349,743","7,615","311,270","5,716,137"
"12/05","360,803","7,669","311,270","5,762,806"
"13/05","371,999","7,721","311,270","5,806,556"
"14/05","380,691","7,774","311,270","5,846,228"
"15/05","386,161","7,795","311,270","5,882,916"
"16/05","387,891","7,808","311,270","5,924,382"
"17/05","382,072","7,873","311,270","5,981,318"
"18/05","381,162","7,926","311,270","6,052,364"
"19/05","378,599","7,976","311,270","6,109,879"
"20/05","378,140","8,027","311,270","6,160,410"
"21/05","379,536","8,073","311,270","6,206,205"
"22/05","377,354","8,093","311,270","6,247,035"
"23/05","366,504","8,110","311,270","6,293,919"
"24/05","351,063","8,178","311,270","6,350,343"
"25/05","341,007","8,266","311,270","6,405,745"
"26/05","333,194","8,335","311,270","6,459,861"
"27/05","315,886","8,374","311,270","6,516,457"
"28/05","313,818","8,432","311,270","6,552,175"
"29/05","304,139","8,462","311,270","6,589,173"
"30/05","292,229","8,468","311,270","6,628,319"
"31/05","276,907","8,521","311,270","6,675,349"
"01/06","266,570","8,556","311,270","6,721,387"
"02/06","258,856","8,613","311,270","6,763,237"
"03/06","254,162","8,662","311,270","6,799,837"
"04/06","248,219","8,722","311,270","6,834,460"
"05/06","243,862","8,752","311,270","6,862,226"
"06/06","235,574","8,771","311,270","6,887,744"
"07/06","228,100","8,802","311,270","6,924,496"
"08/06","219,093","8,860","311,270","6,965,610"
"09/06","224,574","8,919","311,270","6,993,249"
"10/06","224,620","8,960","311,270","7,023,754"
"11/06","221,532","9,030","311,270","7,052,559"
"12/06","218,238","9,054","311,270","7,076,672"
"13/06","212,977","9,065","311,270","7,101,500"
"14/06","205,302","9,093","311,270","7,130,911"
"15/06","204,406","9,146","311,270","7,162,784"
"16/06","205,901","9,218","311,270","7,193,317"
"17/06","208,823","9,268","311,270","7,220,711"
"18/06","211,471","9,332","311,270","7,245,028"
"19/06","212,323","9,374","311,270","7,266,296"
"20/06","212,094","9,387","311,270","7,289,953"
"21/06","211,920","9,445","311,270","7,319,421"
"22/06","213,661","9,507","311,270","7,348,748"
"23/06","215,961","9,558","311,270","7,378,268"
"24/06","220,323","9,603","311,270","7,405,233"
"25/06","224,094","9,659","311,270","7,429,899"
"26/06","227,165","9,685","311,270","7,450,492"
"27/06","228,903","9,704","311,270","7,472,670"
"28/06","231,465","9,778","311,270","7,500,486"
"29/06","237,735","9,837","311,270","7,528,799"
"30/06","243,763","9,897","311,270","7,567,283"
"01/07","247,128","9,930","311,270","7,588,499"
"02/07","253,926","9,984","311,270","7,614,357"
"03/07","261,252","10,014","311,270","7,637,356"
"04/07","265,696","10,040","311,270","7,663,717"
"05/07","268,698","10,086","311,270","7,701,284"
"06/07","282,006","10,130","311,270","7,724,502"
"07/07","290,288","10,190","311,270","7,760,000"
"08/07","298,910","10,225","311,270","7,793,412"
"09/07","306,136","10,302","311,270","7,823,403"
"10/07","309,083","10,315","311,270","7,851,807"
"11/07","311,569","10,327","311,270","7,878,671"
"12/07","314,311","10,385","311,270","7,915,907"
"13/07","316,773","10,437","311,270","7,957,639"
"14/07","322,612","10,518","311,270","7,999,296"
"15/07","328,337","10,582","311,270","8,036,924"
"16/07","332,669","10,659","311,270","8,072,886"
"17/07","337,092","10,689","311,270","8,106,372"
"18/07","341,435","10,719","311,270","8,138,768"
"19/07","348,018","10,794","311,270","8,180,270"
"20/07","354,381","10,879","311,270","8,223,551"
"21/07","362,956","10,968","311,270","8,281,611"
"22/07","371,410","11,032","311,270","8,326,241"
"23/07","376,559","11,134","311,270","8,366,121"
"24/07","379,214","11,170","311,270","8,401,481"
"25/07","377,523","11,200","311,270","8,439,042"
"26/07","377,010","11,303","311,270","8,486,042"
"27/07","374,197","11,387","311,270","8,538,151"
"28/07","371,776","11,512","311,270","8,585,442"
"29/07","369,848","11,669","311,270","8,633,847"
"30/07","364,491","11,809","311,270","8,688,850"
"31/07","357,462","11,850","311,270","8,725,614"
"01/08","347,530","11,864","311,270","8,769,758"
"02/08","335,026","11,961","311,270","8,817,915"
"03/08","327,373","12,026","311,270","8,866,494"
"04/08","319,030","12,119","311,270","8,911,952"
"05/08","314,131","12,201","311,270","8,951,370"
"06/08","302,488","12,288","311,270","8,991,616"
"07/08","294,763","12,320","311,270","9,022,149"
"08/08","283,062","12,335","311,270","9,051,408"
"09/08","269,862","12,437","311,270","9,091,049"
"10/08","257,090","12,568","311,270","9,130,969"
"11/08","245,893","12,653","311,270","9,167,366"
"12/08","237,053","12,739","311,270","9,199,078"
"13/08","229,363","12,828","311,270","9,226,826"
"14/08","221,692","12,862","311,270","9,250,185"
"15/08","212,823","12,886","311,270","9,273,527"
"16/08","201,977","12,959","311,270","9,304,083"
"17/08","192,994","13,026","311,270","9,333,700"
"18/08","185,738","13,156","311,270","9,360,535"
"19/08","178,210","13,229","311,270","9,384,945"
"20/08","170,860","13,326","311,270","9,407,495"
"21/08","163,143","13,362","311,270","9,425,390"
"22/08","156,430","13,367","311,270","9,443,291"
"23/08","148,327","13,457","311,270","9,460,702"
"24/08","141,960","13,506","311,270","9,483,074"
"25/08","135,646","13,588","311,270","9,502,683"
"26/08","131,590","13,648","311,270","9,520,059"
"27/08","127,318","13,734","311,270","9,535,615"
"28/08","123,568","13,749","311,270","9,548,642"
"29/08","119,483","13,759","311,270","9,561,311"
"30/08","114,681","13,834","311,270","9,578,228"
"31/08","111,070","13,902","311,270","9,594,879"
"01/09","107,406","13,957","311,270","9,610,199"
"02/09","104,271","14,014","311,270","9,623,889"
"03/09","101,697","14,053","311,270","9,634,005"
"04/09","98,916","14,067","311,270","9,642,611"
"05/09","94,315","14,077","311,270","9,656,048"
"06/09","90,046","14,152","311,270","9,669,436"
"07/09","86,951","14,214","311,270","9,682,536"
"08/09","84,068","14,288","311,270","9,694,449"
"09/09","80,479","14,421","311,270","9,706,049"
"10/09","80,479","14,426","311,270",""
"11/09","80,479","14,428","311,270",""
"12/09","80,479","14,429","311,270",""
"13/09","80,479","14,454","311,270",""
"14/09","80,479","14,457","311,270",""
"15/09","80,479","14,465","311,270",""
"16/09","62,375","14,692","311,270",""
"17/09","62,375","14,696","311,270",""
"18/09","62,375","14,711","311,270",""
"19/09","62,375","14,716","311,270",""
"20/09","62,375","14,735","311,270",""
"21/09","62,375","14,739","311,270",""
"22/09","62,375","14,772","311,270",""
"23/09","52,248","14,994","311,270",""
"24/09","52,248","14,994","311,270",""
"25/09","52,248","14,994","311,270",""
"26/09","52,248","14,994","311,270",""
"27/09","52,248","14,994","311,270",""
"28/09","52,248","14,994","311,270",""
"29/09","52,248","14,994","311,270",""
"30/09","46,117","15,244","311,270",""
"01/10","46,117","15,244","311,270",""
"02/10","46,117","15,244","311,270",""
"03/10","46,117","15,244","311,270",""
"04/10","46,117","15,244","311,270",""
"05/10","46,117","15,244","311,270",""
"06/10","46,117","15,244","311,270",""
"","","15,358","",""
"","","15,358","",""
"","","15,358","",""
"","","15,358","",""
"","","15,358","",""
"","","15,358","",""
"","","15,358","",""
"","","15,480","",""
"","","15,480","",""
"","","15,480","",""
"","","15,480","",""
"","","15,480","",""
"","","15,480","",""
"","","15,480","",""
"","","15,565","",""
"","","15,565","",""
"","","15,565","",""
"","","15,565","",""
"","","15,565","",""
"","","15,565","",""
"","","15,565","",""
"","","15,674","",""
"","","15,674","",""
"","","15,674","",""
"","","15,674","",""
"","","15,674","",""
"","","15,674","",""
"","","15,674","",""
"","","15,790","",""
"","","15,790","",""
"","","15,790","",""
"","","15,790","",""
"","","15,790","",""
"","","15,790","",""
"","","15,790","",""
"","","15,885","",""
"","","15,885","",""
"","","15,885","",""
"","","15,885","",""
"","","15,885","",""
"","","15,885","",""
"","","15,885","",""
"","","16,005","",""
"","","16,005","",""
"","","16,005","",""
"","","16,005","",""
"","","16,005","",""
"","","16,005","",""
"","","16,005","",""
"","","16,115","",""
"","","16,115","",""
"","","16,115","",""
"","","16,115","",""
"","","16,115","",""
"","","16,115","",""
"","","16,115","",""
"","","16,210","",""
"","","16,210","",""
"","","16,210","",""
"","","16,210","",""
"","","16,210","",""
"","","16,210","",""
"","","16,210","",""
"","","16,401","",""
"","","16,401","",""
"","","16,401","",""
"","","16,401","",""
"","","16,401","",""
"","","16,401","",""
"","","16,401","",""
"","","16,668","",""
"","","16,668","",""
"","","16,668","",""
"","","16,668","",""
"","","16,668","",""
"","","16,668","",""
"","","16,668","",""
"","","16,914","",""
"","","16,914","",""
"","","16,914","",""
"","","16,914","",""
"","","16,914","",""
"","","16,914","",""
"","","16,914","",""
"","","17,039","",""
"","","17,039","",""
"","","17,039","",""
"","","17,039","",""
"","","17,039","",""
"","","17,039","",""
"","","17,039","",""
"","","17,329","",""
"","","17,329","",""
"","","17,329","",""
"","","17,329","",""
"","","17,329","",""
"","","17,329","",""
"","","17,329","",""
"","","17,742","",""
"","","17,742","",""
"","","17,742","",""
"","","17,742","",""
"","","17,742","",""
"","","17,742","",""
"","","17,742","",""
"","","18,123","",""
"","","18,123","",""
"","","18,123","",""
"","","18,123","",""
"","","18,123","",""
"","","18,123","",""
"","","18,123","",""
"","","18,493","",""
"","","18,493","",""
"","","18,493","",""
"","","18,493","",""
"","","18,493","",""
"","","18,493","",""
"","","18,493","",""
"","","18,719","",""
"","","18,719","",""
"","","18,719","",""
"","","18,719","",""
"","","18,719","",""
"","","18,719","",""
"","","18,719","",""
"","","18,967","",""
"","","18,967","",""
"","","18,967","",""
"","","18,967","",""
"","","18,967","",""
"","","18,967","",""
"","","18,967","",""
"","","19,121","",""
"","","19,121","",""
"","","19,121","",""
"","","19,121","",""
"","","19,121","",""
"","","19,121","",""
"","","19,121","",""
"","","19,245","",""
"","","19,245","",""
"","","19,245","",""
"","","19,245","",""
"","","19,245","",""
"","","19,245","",""
"","","19,245","",""
"","","19,338","",""
"","","19,338","",""
"","","19,338","",""
"","","19,338","",""
"","","19,338","",""
"","","19,338","",""
"","","19,338","",""
"","","19,470","",""
"","","19,470","",""
"","","19,470","",""
"","","19,470","",""
"","","19,470","",""
"","","19,470","",""
"","","19,470","",""
"","","19,582","",""
"","","19,582","",""
"","","19,582","",""
"","","19,582","",""
"","","19,582","",""
"","","19,582","",""
"","","19,582","",""
"","","19,656","",""
"","","19,656","",""
"","","19,656","",""
"","","19,656","",""
"","","19,656","",""
"","","19,656","",""
"","","19,656","",""
"","","19,754","",""
"","","19,754","",""
"","","19,754","",""
"","","19,754","",""
"","","19,754","",""
"","","19,754","",""
"","","19,754","",""
"","","19,837","",""
"","","19,837","",""
"","","19,837","",""
"","","19,837","",""
"","","19,837","",""
"","","19,837","",""
"","","19,837","",""
"","","19,954","",""
"","","19,954","",""
"","","19,954","",""
"","","19,954","",""
"","","19,954","",""
"","","19,954","",""
"","","19,954","",""
"","","20,064","",""
"","","20,064","",""
"","","20,064","",""
"","","20,064","",""
"","","20,064","",""
"","","20,064","",""
"","","20,064","",""
"","","20,177","",""
"","","20,177","",""
"","","20,177","",""
"","","20,177","",""
"","","20,177","",""
"","","20,177","",""
"","","20,177","",""
"","","20,315","",""
"","","20,315","",""
"","","20,315","",""
"","","20,315","",""
"","","20,315","",""
"","","20,315","",""
"","","20,315","",""
"","","20,476","",""
"","","20,476","",""
"","","20,476","",""
"","","20,476","",""
"","","20,476","",""
"","","20,476","",""
"","","20,476","",""
"","","20,600","",""
"","","20,600","",""
"","","20,600","",""
"","","20,600","",""
"","","20,600","",""
"","","20,600","",""
"","","20,600","",""
"","","20,784","",""
"","","20,784","",""
"","","20,784","",""
"","","20,784","",""
"","","20,784","",""
"","","20,784","",""
"","","20,784","",""
"","","20,967","",""
"","","20,967","",""
"","","20,967","",""
"","","20,967","",""
"","","20,967","",""
"","","20,967","",""
"","","20,967","",""
"","","21,163","",""
"","","21,163","",""
"","","21,163","",""
"","","21,163","",""
"","","21,163","",""
"","","21,163","",""
"","","21,163","",""
"","","21,368","",""
"","","21,368","",""
"","","21,368","",""
"","","21,368","",""
"","","21,368","",""
"","","21,368","",""
"","","21,368","",""
"","","21,517","",""
"","","21,517","",""
"","","21,517","",""
"","","21,517","",""
"","","21,517","",""
"","","21,517","",""
"","","21,517","",""
"","","21,722","",""
"","","21,722","",""
"","","21,722","",""
"","","21,722","",""
"","","21,722","",""
"","","21,722","",""
"","","21,722","",""
"","","21,854","",""
"","","21,854","",""
"","","21,854","",""
"","","21,854","",""
"","","21,854","",""
"","","21,854","",""
"","","21,854","",""
"","","21,973","",""
"","","21,973","",""
"","","21,973","",""
"","","21,973","",""
"","","21,973","",""
"","","21,973","",""
"","","21,973","",""
"","","22,066","",""
"","","22,066","",""
"","","22,066","",""
"","","22,066","",""
"","","22,066","",""
"","","22,066","",""
"","","22,066","",""
"","","22,234","",""
"","","22,234","",""
"","","22,234","",""
"","","22,234","",""
"","","22,234","",""
"","","22,234","",""
"","","22,234","",""
"","","22,268","",""
